filename,title,artist,genre,min_hz,max_hz_raw,max_hz_p98
"AKMU (악뮤)_어떻게 이별까지 사랑하겠어, 널 사랑하는 거지.mp3","어떻게 이별까지 사랑하겠어, 널 사랑하는 거지",AKMU (악뮤),Ballad,171.57988474835088,883.1372197092406,524.5119909669544
ATEEZ (에이티즈)_BAD.mp3,BAD,ATEEZ (에이티즈),Dance,165.89689633803238,939.5195448404097,758.2106021043924
Ariana Grande_hate that i made you love me.mp3,hate that i made you love me,Ariana Grande,Pop,175.26895306463922,560.0821107992788,467.260842448065
BIG Naughty (서동현)_Vancouver.mp3,Vancouver,BIG Naughty (서동현),Soul,73.4604446903056,558.2294739475697,332.40028273761055
BIG Naughty (서동현)_노스탈지아.mp3,노스탈지아,BIG Naughty (서동현),Rap,110.0194962428751,699.5167625593838,348.4404838806348
CORTIS (코르티스)_REDRED.mp3,REDRED,CORTIS (코르티스),Dance,145.14315047169862,601.2944300888541,391.6091343350559
Hearts2Hearts (하츠투하츠)_FOCUS.mp3,FOCUS,Hearts2Hearts (하츠투하츠),Dance,175.53829834789337,883.5380542510238,469.4170727254071
Hearts2Hearts (하츠투하츠)_ICONIC HEART.mp3,ICONIC HEART,Hearts2Hearts (하츠투하츠),Pop,146.08800657965415,881.4283488213889,554.8589567604058
Hearts2Hearts (하츠투하츠)_Lemon Tang.mp3,Lemon Tang,Hearts2Hearts (하츠투하츠),Dance,189.81565425456833,776.6279086811701,659.4111501053524
Hearts2Hearts (하츠투하츠)_Moonride.mp3,Moonride,Hearts2Hearts (하츠투하츠),Dance,194.86702786600296,882.9765908143237,524.0456626675384
Hearts2Hearts (하츠투하츠)_RUDE!.mp3,RUDE!,Hearts2Hearts (하츠투하츠),Dance,182.20611647262783,920.2010140352386,658.7647674353803
Hearts2Hearts (하츠투하츠)_STYLE.mp3,STYLE,Hearts2Hearts (하츠투하츠),Dance,218.2427060227444,931.260887437288,527.2300316714134
Hearts2Hearts (하츠투하츠)_The Chase.mp3,The Chase,Hearts2Hearts (하츠투하츠),Dance,180.23684932436885,702.3329600632496,523.8322635838251
KiiiKiii (키키)_404 (New Era).mp3,404 (New Era),KiiiKiii (키키),Dance,183.46255755400395,626.5629530042994,521.5539381056725
KiiiKiii (키키)_Candy Pink Magic Hole Flip Phone (나 어떡해).mp3,Candy Pink Magic Hole Flip Phone (나 어떡해),KiiiKiii (키키),Dance,154.72882928376347,833.3690846672256,416.04066454115804
KiiiKiii (키키)_Pop Off Pop Off.mp3,Pop Off Pop Off,KiiiKiii (키키),Dance,146.28574210177635,835.204274818401,392.5713468198977
NOWIMYOUNG (나우아임영) & Royal 44_KISS KISS KISS (Feat. 선우 (THE BOYZ)) (Prod. by Hukky Shibaseki).mp3,KISS KISS KISS (Feat. 선우 (THE BOYZ)) (Prod. by Hukky Shibaseki),NOWIMYOUNG (나우아임영) & Royal 44,Rap,146.48852977204237,525.1009826717282,466.8464005610749
NewJeans_Attention.mp3,Attention,NewJeans,Dance,183.30687406011742,706.9966112023923,470.6469577298924
NewJeans_How Sweet.mp3,How Sweet,NewJeans,Dance,172.96302869669262,833.6941902707972,415.8271886108129
NewJeans_Hype Boy.mp3,Hype Boy,NewJeans,Dance,83.90524370966187,591.9016522178365,495.25571363360115
OFFICIAL HIGE DANDISM_Pretender.mp3,Pretender,OFFICIAL HIGE DANDISM,Pop,154.26699812576518,938.6911068820051,832.2873636977383
Post Malone & Swae Lee_Sunflower (Spider-Man _ Into The Spider-Verse).mp3,Sunflower (Spider-Man : Into The Spider-Verse),Post Malone & Swae Lee,Anime,182.4643028492344,987.5754092548673,590.3431057754315
RESCENE (리센느)_Deja Vu.mp3,Deja Vu,RESCENE (리센느),Dance,184.57612364391093,883.8091172621342,554.9537973515518
RESCENE (리센느)_LOVE ATTACK.mp3,LOVE ATTACK,RESCENE (리센느),Pop,180.1297191015198,560.4666360665599,472.48987743333413
RESCENE (리센느)_Pinball.mp3,Pinball,RESCENE (리센느),Pop,230.8322417175496,707.4856986997288,624.4322623601328
RESCENE (리센느)_Pretty Girl.mp3,Pretty Girl,RESCENE (리센느),Dance,234.12057469214494,938.1709238025383,555.7244925454781
RESCENE (리센느)_Runaway.mp3,Runaway,RESCENE (리센느),Dance,183.50540507844238,664.0732950039883,556.5956823912597
Red Velvet (레드벨벳)_Surfin' Boy.mp3,Surfin' Boy,Red Velvet (레드벨벳),Dance,174.65610707987864,881.2958829077056,600.6682986331452
Shane_없어.mp3,없어,Shane,Soul,150.45327256816572,625.5112514043757,536.5487597396575
TUIDE (튜이드)_GRLS.mp3,GRLS,TUIDE (튜이드),Dance,182.21620430438298,629.5543448958736,553.7019622958542
TUIDE (튜이드)_SUN KISS.mp3,SUN KISS,TUIDE (튜이드),Soul,194.6513698651091,559.0201256462904,421.3122441459813
aespa_LEMONADE.mp3,LEMONADE,aespa,Electronic,180.74564652960063,987.2443946539748,586.7349948237973
aespa_Next Level.mp3,Next Level,aespa,Dance,134.00491832004863,887.4505926365441,585.4176522784317
aespa_Whiplash.mp3,Whiplash,aespa,Dance,124.12722311754214,934.3685108216996,554.5640518181652
wave to earth_사랑으로.mp3,사랑으로,wave to earth,Rock,109.14714067429676,564.912675884922,332.6239686292423
검정치마_Antifreeze.mp3,Antifreeze,검정치마,Indie,135.84687950493236,468.75374575134936,363.687617448975
검정치마_EVERYTHING.mp3,EVERYTHING,검정치마,Indie,130.7911614494222,501.8449547907069,469.9611654854469
검정치마_Ling Ling.mp3,Ling Ling,검정치마,Rock,97.73467785577486,784.1812313323657,393.99803537416494
검정치마_한시 오분 (1_05).mp3,한시 오분 (1:05),검정치마,Rock,121.136967774636,836.0523022745957,490.4594025600055
김하온 (HAON)_Skrr (Feat. 지젤 of aespa).mp3,Skrr (Feat. 지젤 of aespa),김하온 (HAON),Rap,153.08797396635816,562.147299887031,470.35724239226334
너드커넥션 (Nerd Connection)_그대만 있다면 (여름날 우리 X 너드커넥션 (Nerd Connection)).mp3,그대만 있다면 (여름날 우리 X 너드커넥션 (Nerd Connection)),너드커넥션 (Nerd Connection),Ballad,159.791143849014,885.7575994890545,393.84754273978996
데이먼스 이어 (Damons year)_yours.mp3,yours,데이먼스 이어 (Damons year),Indie,183.13745143399674,620.629364845881,373.6407583005166
도경수 (D.O.)_Guitarist.mp3,Guitarist,도경수 (D.O.),Dance,109.19143935804391,974.33020993578,622.9523361547151
로제 (ROSÉ)_toxic till the end.mp3,toxic till the end,로제 (ROSÉ),Rock,82.07488182141267,574.4860168723736,497.47585987362385
리도어 (Redoor)_영원은 그렇듯.mp3,영원은 그렇듯,리도어 (Redoor),Indie,124.20486709867299,834.3982567269588,656.5804254946919
릴러말즈 (Leellamarz)_Trip (Feat. Hannah).mp3,Trip (Feat. Hannah),릴러말즈 (Leellamarz),Rap,119.94772048600672,887.2968626382378,522.1232149827707
백예린 (Yerin Baek)_Antifreeze.mp3,Antifreeze,백예린 (Yerin Baek),Ballad,164.06180943213434,829.5722550250211,524.5328611973958
베스티_연애의 조건 (Love Options).mp3,연애의 조건 (Love Options),베스티,Dance,209.94565198878942,792.6373101137019,696.8120661081554
빈첸_FLYING HIGH WITH U.mp3,FLYING HIGH WITH U,빈첸,Rap,69.52199636024167,372.0589684767534,279.3985182983089
소녀시대-효리수 (Girls' Generation-HRS)_Skibidi.mp3,Skibidi,소녀시대-효리수 (Girls' Generation-HRS),Dance,133.96204170765512,924.3211096899499,524.1550214848344
소연 (SOYEON)_퇴사할게여 (Narr. 기안84).mp3,퇴사할게여 (Narr. 기안84),소연 (SOYEON),Rock,165.71382079109472,1042.6385839854286,656.4258162670452
아이유 (IU)_Dear my crazy soulmate.mp3,Dear my crazy soulmate,아이유 (IU),Soul,223.02278437214522,528.4539309454883,469.01579234802523
아이유 (IU)_이 별로부터.mp3,이 별로부터,아이유 (IU),Rock,192.3817145459229,936.6695731269573,781.8950395543284
아일릿(ILLIT)_It's Me.mp3,It's Me,아일릿(ILLIT),Dance,207.2495509627275,938.9553747398612,555.2951440937012
아일릿(ILLIT)_Magnetic.mp3,Magnetic,아일릿(ILLIT),Dance,183.76231607712998,701.0488965676843,465.5734984850771
양홍원_ROSE (Feat. Skinny Brown & Homeboy).mp3,ROSE (Feat. Skinny Brown & Homeboy),양홍원,Rap,113.95312568920451,623.3107257848819,415.09845084751265
에픽하이 (EPIK HIGH)_Love Love Love (Feat. Yoong Jin of Casker)).mp3,Love Love Love (Feat. Yoong Jin of Casker)),에픽하이 (EPIK HIGH),Rap,122.3789444943985,593.895495067874,490.8509358201762
엔하이픈 (ENHYPEN)_Bloody Paradise.mp3,Bloody Paradise,엔하이픈 (ENHYPEN),Dance,115.4649141306816,700.2859566003655,412.0278284458116
제니 (JENNIE)_FALLEN ANGEL.mp3,FALLEN ANGEL,제니 (JENNIE),Pop,130.512417458572,744.0283175424352,440.9101716494208
제니 (JENNIE)_Less than a Lover.mp3,Less than a Lover,제니 (JENNIE),Soul,205.65485022750605,944.5492616146515,495.59336701050404
한로로_0＋0.mp3,0＋0,한로로,Rock,206.482788758758,661.3610507187773,444.7633371491818
한로로_사랑하게 될 거야.mp3,사랑하게 될 거야,한로로,Rock,192.75338321838578,789.885204252763,525.9109785710442
